<?xml version="1.0" encoding="UTF-8"?>
<project-private xmlns="http://www.netbeans.org/ns/project-private/1">
    <editor-bookmarks xmlns="http://www.netbeans.org/ns/editor-bookmarks/2" lastBookmarkId="0"/>
    <open-files xmlns="http://www.netbeans.org/ns/projectui-open-files/2">
        <group name="Un solo proyecto">
            <file>file:/D:/MisDocs/Dropbox/Educación/CURSO%202020-2021/ED%20dist%2020-21/Tareas/Tarea%20ED03/Ejemplo%20JUnit/Coche/test/coche/CocheTest.java</file>
        </group>
        <group>
            <file>file:/C:/Users/Samuel/OneDrive/Escritorio/Samuel/1º_DAW/Entornos%20de%20desarrollo/2º%20TRIM/tarea4/Ejemplo_JUnit/Ejemplo_JUnit/Coche_JUnit/Coche/src/coche/Main.java</file>
            <file>file:/C:/Users/Samuel/OneDrive/Escritorio/Samuel/1º_DAW/Entornos%20de%20desarrollo/2º%20TRIM/tarea4/Ejemplo_JUnit/Ejemplo_JUnit/Coche_JUnit/Coche/src/coche/Coche.java</file>
            <file>file:/C:/Users/Samuel/OneDrive/Escritorio/Samuel/1º_DAW/Entornos%20de%20desarrollo/2º%20TRIM/tarea4/Ejemplo_JUnit/Ejemplo_JUnit/Coche_JUnit/Coche/test/coche/CocheTest.java</file>
        </group>
    </open-files>
</project-private>
